timestep,node,incoming_traffic,outgoing_traffic,queue_size,flow_count,traffic_volume,node_load
0,0,4943.48,5029.96,0.0,10,9973.44,0
0,1,3172.57,3067.92,0.0,6,6240.49,0
0,2,983.43,1060.56,0.0,2,2043.99,0
0,3,1494.03,1562.36,0.0,3,3056.39,0
0,4,3159.78,3057.21,0.0,6,6216.99,0
0,5,1869.95,2187.95,0.0,4,4057.9,0
0,6,1402.07,1779.38,0.0,3,3181.45,0
0,7,1200.79,1097.51,0.0,2,2298.3,0
0,8,2113.84,2210.84,0.0,4,4324.68,0
0,9,1213.1,1010.45,0.0,2,2223.55,0
0,10,1302.6,939.02,0.0,2,2241.62,0
0,11,1007.91,886.3,0.0,2,1894.21,0
0,12,1104.12,921.6,0.0,2,2025.72,0
0,13,913.81,1072.06,0.0,2,1985.87,0
0,14,927.1,925.46,0.0,2,1852.56,0
1,0,4387.32,4179.38,0.0,10,8566.7,0
1,1,2205.36,2661.1,0.0,6,4866.46,0
1,2,772.73,942.0,0.0,2,1714.73,0
1,3,1244.51,1295.92,0.0,3,2540.43,0
1,4,2598.81,2327.79,0.0,6,4926.6,0
1,5,1555.66,1713.94,0.0,4,3269.6,0
1,6,1190.69,1126.42,0.0,3,2317.11,0
1,7,834.9,911.19,0.0,2,1746.09,0
1,8,1756.96,1507.76,0.0,4,3264.72,0
1,9,942.96,781.06,0.0,2,1724.02,0
1,10,974.26,789.61,0.0,2,1763.87,0
1,11,895.43,830.69,0.0,2,1726.12,0
1,12,823.97,829.6,0.0,2,1653.57,0
1,13,734.61,863.08,0.0,2,1597.69,0
1,14,721.37,880.0,0.0,2,1601.37,0
2,0,4514.16,4766.64,0.0,10,9280.8,0
2,1,2929.44,2969.78,0.0,6,5899.22,0
2,2,1137.9,974.39,0.0,2,2112.29,0
2,3,1273.43,1348.76,0.0,3,2622.19,0
2,4,2889.03,3097.41,0.0,6,5986.44,0
2,5,2053.17,1739.04,0.0,4,3792.21,0
2,6,1438.82,1371.99,0.0,3,2810.81,0
2,7,902.25,943.49,0.0,2,1845.74,0
2,8,1720.37,1729.41,0.0,4,3449.78,0
2,9,1059.16,1116.37,0.0,2,2175.53,0
2,10,979.42,859.84,0.0,2,1839.26,0
2,11,996.01,973.52,0.0,2,1969.53,0
2,12,846.0,1041.79,0.0,2,1887.79,0
2,13,984.51,863.82,0.0,2,1848.33,0
2,14,855.95,783.37,0.0,2,1639.32,0
3,0,4629.4,4513.64,0.0,10,9143.04,0
3,1,2755.2,3034.76,0.0,6,5789.96,0
3,2,1007.93,1003.28,0.0,2,2011.21,0
3,3,1222.32,1361.21,0.0,3,2583.53,0
3,4,2889.14,2853.69,0.0,6,5742.83,0
3,5,1777.15,1710.73,0.0,4,3487.88,0
3,6,1261.39,1426.36,0.0,3,2687.75,0
3,7,1019.63,1051.2,0.0,2,2070.83,0
3,8,1735.3,1845.45,0.0,4,3580.75,0
3,9,953.9,1009.8,0.0,2,1963.7,0
3,10,1067.6,806.93,0.0,2,1874.53,0
3,11,951.11,925.65,0.0,2,1876.76,0
3,12,954.04,806.73,0.0,2,1760.77,0
3,13,848.75,914.13,0.0,2,1762.88,0
3,14,992.98,802.28,0.0,2,1795.26,0
4,0,5603.49,5801.39,0.0,10,11404.88,0
4,1,3532.61,3592.48,0.0,6,7125.09,0
4,2,1275.95,1030.22,0.0,2,2306.17,0
4,3,1673.95,1812.39,0.0,3,3486.34,0
4,4,3636.17,3366.38,0.0,6,7002.55,0
4,5,2328.74,2512.95,0.0,4,4841.69,0
4,6,1467.44,1778.29,0.0,3,3245.73,0
4,7,1330.98,1423.48,0.0,2,2754.46,0
4,8,2312.84,2150.47,0.0,4,4463.31,0
4,9,1206.36,947.54,0.0,2,2153.9,0
4,10,1124.54,1042.19,0.0,2,2166.73,0
4,11,1166.26,1098.79,0.0,2,2265.05,0
4,12,1232.28,1146.69,0.0,2,2378.97,0
4,13,1023.03,1309.66,0.0,2,2332.69,0
4,14,1160.23,1061.95,0.0,2,2222.18,0
5,0,4689.71,4713.58,0.0,10,9403.29,0
5,1,2830.51,3142.71,0.0,6,5973.22,0
5,2,1131.17,972.84,0.0,2,2104.01,0
5,3,1371.92,1381.84,0.0,3,2753.76,0
5,4,2967.87,2848.63,0.0,6,5816.5,0
5,5,1827.01,1808.58,0.0,4,3635.59,0
5,6,1370.13,1440.99,0.0,3,2811.12,0
5,7,1082.64,1129.14,0.0,2,2211.78,0
5,8,1994.69,1785.03,0.0,4,3779.72,0
5,9,950.79,960.13,0.0,2,1910.92,0
5,10,976.89,1039.85,0.0,2,2016.74,0
5,11,887.17,896.69,0.0,2,1783.86,0
5,12,865.82,991.17,0.0,2,1856.99,0
5,13,925.08,865.38,0.0,2,1790.46,0
5,14,920.66,815.5,0.0,2,1736.16,0
6,0,5161.58,5113.56,0.0,10,10275.14,0
6,1,2837.22,3184.26,0.0,6,6021.48,0
6,2,1002.56,1197.44,0.0,2,2200.0,0
6,3,1420.02,1406.9,0.0,3,2826.92,0
6,4,3096.6,2716.77,0.0,6,5813.37,0
6,5,2044.18,1932.95,0.0,4,3977.13,0
6,6,1371.64,1698.05,0.0,3,3069.69,0
6,7,1050.38,1145.34,0.0,2,2195.72,0
6,8,2117.58,1867.77,0.0,4,3985.35,0
6,9,1174.61,1067.21,0.0,2,2241.82,0
6,10,1132.29,1093.89,0.0,2,2226.18,0
6,11,1186.87,1151.09,0.0,2,2337.96,0
6,12,925.85,1024.52,0.0,2,1950.37,0
6,13,902.0,992.89,0.0,2,1894.89,0
6,14,1085.74,916.48,0.0,2,2002.22,0
7,0,3876.05,3985.4,0.0,10,7861.45,0
7,1,2546.16,2501.3,0.0,6,5047.46,0
7,2,766.82,765.48,0.0,2,1532.3,0
7,3,1171.09,1158.16,0.0,3,2329.25,0
7,4,2517.36,2300.51,0.0,6,4817.87,0
7,5,1696.86,1667.09,0.0,4,3363.95,0
7,6,1089.47,1306.57,0.0,3,2396.04,0
7,7,966.35,830.17,0.0,2,1796.52,0
7,8,1591.0,1481.57,0.0,4,3072.57,0
7,9,829.07,853.48,0.0,2,1682.55,0
7,10,771.51,838.18,0.0,2,1609.69,0
7,11,899.42,882.87,0.0,2,1782.29,0
7,12,795.56,777.6,0.0,2,1573.16,0
7,13,682.26,769.19,0.0,2,1451.45,0
7,14,714.21,795.62,0.0,2,1509.83,0
8,0,5007.03,4896.09,0.0,10,9903.12,0
8,1,2859.13,3185.84,0.0,6,6044.97,0
8,2,1100.14,1171.38,0.0,2,2271.52,0
8,3,1327.43,1195.03,0.0,3,2522.46,0
8,4,3161.84,2833.5,0.0,6,5995.34,0
8,5,2068.2,1948.53,0.0,4,4016.73,0
8,6,1480.84,1537.34,0.0,3,3018.18,0
8,7,1176.42,1201.22,0.0,2,2377.64,0
8,8,1833.91,1710.57,0.0,4,3544.48,0
8,9,994.31,1042.86,0.0,2,2037.17,0
8,10,924.92,816.46,0.0,2,1741.38,0
8,11,955.91,1065.02,0.0,2,2020.93,0
8,12,861.2,984.42,0.0,2,1845.62,0
8,13,850.41,1054.46,0.0,2,1904.87,0
8,14,865.75,824.72,0.0,2,1690.47,0
9,0,4362.09,4345.63,0.0,10,8707.72,0
9,1,2586.88,2671.26,0.0,6,5258.14,0
9,2,951.89,883.62,0.0,2,1835.51,0
9,3,1379.4,1304.29,0.0,3,2683.69,0
9,4,2906.42,2506.34,0.0,6,5412.76,0
9,5,1763.11,1882.7,0.0,4,3645.81,0
9,6,1227.82,1450.1,0.0,3,2677.92,0
9,7,973.73,927.27,0.0,2,1901.0,0
9,8,1701.2,1743.39,0.0,4,3444.59,0
9,9,786.6,965.27,0.0,2,1751.87,0
9,10,970.64,840.67,0.0,2,1811.31,0
9,11,1023.56,826.22,0.0,2,1849.78,0
9,12,814.85,910.36,0.0,2,1725.21,0
9,13,785.3,981.08,0.0,2,1766.38,0
9,14,842.75,838.04,0.0,2,1680.79,0
10,0,5614.16,5946.75,0.0,10,11560.91,0
10,1,3228.39,3529.57,0.0,6,6757.96,0
10,2,1197.82,1214.79,0.0,2,2412.61,0
10,3,1584.72,1731.66,0.0,3,3316.38,0
10,4,3472.7,3574.96,0.0,6,7047.66,0
10,5,2528.8,2454.83,0.0,4,4983.63,0
10,6,1709.3,1635.49,0.0,3,3344.79,0
10,7,1330.01,1246.74,0.0,2,2576.75,0
10,8,2409.26,1944.92,0.0,4,4354.18,0
10,9,1152.37,1280.61,0.0,2,2432.98,0
10,10,1180.01,1077.61,0.0,2,2257.62,0
10,11,1323.55,1172.24,0.0,2,2495.79,0
10,12,1259.78,1145.43,0.0,2,2405.21,0
10,13,1195.56,1123.1,0.0,2,2318.66,0
10,14,1051.83,1159.56,0.0,2,2211.39,0
11,0,5003.81,5151.76,0.0,10,10155.57,0
11,1,3019.85,3183.85,0.0,6,6203.7,0
11,2,1178.76,1141.92,0.0,2,2320.68,0
11,3,1372.95,1422.99,0.0,3,2795.94,0
11,4,3283.64,3253.59,0.0,6,6537.23,0
11,5,2108.57,2255.12,0.0,4,4363.69,0
11,6,1570.74,1431.71,0.0,3,3002.45,0
11,7,1173.39,1208.5,0.0,2,2381.89,0
11,8,2060.35,2094.26,0.0,4,4154.61,0
11,9,1025.22,1046.96,0.0,2,2072.18,0
11,10,1221.7,1098.07,0.0,2,2319.77,0
11,11,1032.94,964.87,0.0,2,1997.81,0
11,12,1172.4,1003.67,0.0,2,2176.07,0
11,13,1129.07,1128.95,0.0,2,2258.02,0
11,14,990.15,957.32,0.0,2,1947.47,0
12,0,5425.59,5913.76,0.0,10,11339.35,0
12,1,3155.43,3277.82,0.0,6,6433.25,0
12,2,1206.19,1190.18,0.0,2,2396.37,0
12,3,1609.74,1427.5,0.0,3,3037.24,0
12,4,3385.1,3645.09,0.0,6,7030.19,0
12,5,2170.35,2383.0,0.0,4,4553.35,0
12,6,1493.3,1841.84,0.0,3,3335.14,0
12,7,1137.67,1193.4,0.0,2,2331.07,0
12,8,2237.54,2036.98,0.0,4,4274.52,0
12,9,1178.34,970.01,0.0,2,2148.35,0
12,10,1250.95,1247.58,0.0,2,2498.53,0
12,11,1366.6,965.67,0.0,2,2332.27,0
12,12,1224.1,990.69,0.0,2,2214.79,0
12,13,1178.03,1026.47,0.0,2,2204.5,0
12,14,1035.77,944.71,0.0,2,1980.48,0
13,0,4301.18,4106.05,0.0,10,8407.23,0
13,1,2477.0,2684.4,0.0,6,5161.4,0
13,2,812.22,867.57,0.0,2,1679.79,0
13,3,1125.67,1308.95,0.0,3,2434.62,0
13,4,2569.85,2474.65,0.0,6,5044.5,0
13,5,1716.27,1576.5,0.0,4,3292.77,0
13,6,1234.62,1230.62,0.0,3,2465.24,0
13,7,901.67,834.38,0.0,2,1736.05,0
13,8,1796.08,1470.72,0.0,4,3266.8,0
13,9,783.8,902.66,0.0,2,1686.46,0
13,10,830.55,838.64,0.0,2,1669.19,0
13,11,832.74,941.43,0.0,2,1774.17,0
13,12,911.51,849.47,0.0,2,1760.98,0
13,13,782.29,1002.49,0.0,2,1784.78,0
13,14,816.17,803.09,0.0,2,1619.26,0
14,0,5804.75,5735.69,0.0,10,11540.44,0
14,1,3312.05,3752.06,0.0,6,7064.11,0
14,2,1312.43,1269.6,0.0,2,2582.03,0
14,3,1805.69,1701.89,0.0,3,3507.58,0
14,4,3633.63,3453.37,0.0,6,7087.0,0
14,5,2168.39,2508.36,0.0,4,4676.75,0
14,6,1596.38,1830.14,0.0,3,3426.52,0
14,7,1165.77,1072.86,0.0,2,2238.63,0
14,8,2379.51,2401.94,0.0,4,4781.45,0
14,9,1114.23,1112.63,0.0,2,2226.86,0
14,10,1445.73,1073.01,0.0,2,2518.74,0
14,11,1292.99,1361.94,0.0,2,2654.93,0
14,12,1262.21,976.0,0.0,2,2238.21,0
14,13,1076.67,1072.79,0.0,2,2149.46,0
14,14,1071.05,1119.2,0.0,2,2190.25,0
15,0,4004.1,3868.76,0.0,10,7872.86,0
15,1,2479.37,2486.42,0.0,6,4965.79,0
15,2,888.27,964.13,0.0,2,1852.4,0
15,3,1108.06,1128.63,0.0,3,2236.69,0
15,4,2626.1,2493.0,0.0,6,5119.1,0
15,5,1545.36,1547.44,0.0,4,3092.8,0
15,6,1068.63,1401.38,0.0,3,2470.01,0
15,7,937.9,921.9,0.0,2,1859.8,0
15,8,1636.73,1560.22,0.0,4,3196.95,0
15,9,856.54,828.64,0.0,2,1685.18,0
15,10,974.56,819.98,0.0,2,1794.54,0
15,11,687.74,832.4,0.0,2,1520.14,0
15,12,892.57,695.85,0.0,2,1588.42,0
15,13,723.65,725.41,0.0,2,1449.06,0
15,14,702.34,857.76,0.0,2,1560.1,0
16,0,5055.03,5273.99,0.0,10,10329.02,0
16,1,2812.95,2924.36,0.0,6,5737.31,0
16,2,991.13,1106.15,0.0,2,2097.28,0
16,3,1436.3,1445.36,0.0,3,2881.66,0
16,4,3184.2,3071.39,0.0,6,6255.59,0
16,5,1961.32,1984.65,0.0,4,3945.97,0
16,6,1462.58,1508.79,0.0,3,2971.37,0
16,7,1054.88,1180.62,0.0,2,2235.5,0
16,8,2100.34,1867.41,0.0,4,3967.75,0
16,9,1179.45,1117.87,0.0,2,2297.32,0
16,10,1112.21,839.87,0.0,2,1952.08,0
16,11,1017.61,1017.03,0.0,2,2034.64,0
16,12,965.59,1030.49,0.0,2,1996.08,0
16,13,1110.38,1008.91,0.0,2,2119.29,0
16,14,903.66,970.74,0.0,2,1874.4,0
17,0,4746.0,4497.26,0.0,10,9243.26,0
17,1,2459.74,2867.02,0.0,6,5326.76,0
17,2,1085.86,953.75,0.0,2,2039.61,0
17,3,1189.0,1285.45,0.0,3,2474.45,0
17,4,2753.33,2683.56,0.0,6,5436.89,0
17,5,1727.14,1763.15,0.0,4,3490.29,0
17,6,1246.5,1391.2,0.0,3,2637.7,0
17,7,1068.13,985.6,0.0,2,2053.73,0
17,8,1684.81,1618.39,0.0,4,3303.2,0
17,9,931.37,928.53,0.0,2,1859.9,0
17,10,1070.36,1014.3,0.0,2,2084.66,0
17,11,923.57,843.17,0.0,2,1766.74,0
17,12,899.58,872.06,0.0,2,1771.64,0
17,13,735.92,867.71,0.0,2,1603.63,0
17,14,865.53,815.69,0.0,2,1681.22,0
18,0,4707.79,4519.04,0.0,10,9226.83,0
18,1,2589.45,2772.74,0.0,6,5362.19,0
18,2,871.33,904.92,0.0,2,1776.25,0
18,3,1323.83,1357.34,0.0,3,2681.17,0
18,4,2729.18,2539.2,0.0,6,5268.38,0
18,5,1753.24,1688.15,0.0,4,3441.39,0
18,6,1313.3,1291.68,0.0,3,2604.98,0
18,7,1007.17,965.37,0.0,2,1972.54,0
18,8,1934.2,1953.17,0.0,4,3887.37,0
18,9,932.43,1000.99,0.0,2,1933.42,0
18,10,1060.11,904.68,0.0,2,1964.79,0
18,11,903.63,891.43,0.0,2,1795.06,0
18,12,1022.15,1072.54,0.0,2,2094.69,0
18,13,819.6,1008.18,0.0,2,1827.78,0
18,14,920.92,1018.9,0.0,2,1939.82,0
19,0,5205.65,4960.27,0.0,10,10165.92,0
19,1,3027.01,3145.99,0.0,6,6173.0,0
19,2,1179.95,996.45,0.0,2,2176.4,0
19,3,1336.46,1622.95,0.0,3,2959.41,0
19,4,2944.56,2962.23,0.0,6,5906.79,0
19,5,2163.34,2080.6,0.0,4,4243.94,0
19,6,1368.57,1446.27,0.0,3,2814.84,0
19,7,1191.27,1143.51,0.0,2,2334.78,0
19,8,2111.42,1710.46,0.0,4,3821.88,0
19,9,1033.83,1079.52,0.0,2,2113.35,0
19,10,980.83,1049.46,0.0,2,2030.29,0
19,11,980.15,956.93,0.0,2,1937.08,0
19,12,958.5,1146.42,0.0,2,2104.92,0
19,13,886.22,939.68,0.0,2,1825.9,0
19,14,813.51,940.53,0.0,2,1754.04,0
20,0,5616.19,5204.86,0.0,10,10821.05,0
20,1,3263.6,3481.98,0.0,6,6745.58,0
20,2,1161.2,1151.67,0.0,2,2312.87,0
20,3,1527.19,1578.01,0.0,3,3105.2,0
20,4,3603.52,3430.71,0.0,6,7034.23,0
20,5,2430.87,2306.18,0.0,4,4737.05,0
20,6,1654.6,1774.63,0.0,3,3429.23,0
20,7,1044.86,1349.51,0.0,2,2394.37,0
20,8,2237.96,2193.73,0.0,4,4431.69,0
20,9,1204.6,1049.25,0.0,2,2253.85,0
20,10,1202.16,975.19,0.0,2,2177.35,0
20,11,1050.81,1063.1,0.0,2,2113.91,0
20,12,1018.05,1188.9,0.0,2,2206.95,0
20,13,937.66,1146.43,0.0,2,2084.09,0
20,14,1112.99,1172.11,0.0,2,2285.1,0
21,0,4675.46,4683.67,0.0,10,9359.13,0
21,1,2743.88,3157.14,0.0,6,5901.02,0
21,2,1109.64,1110.89,0.0,2,2220.53,0
21,3,1514.11,1428.46,0.0,3,2942.57,0
21,4,2982.42,3025.4,0.0,6,6007.82,0
21,5,1978.25,2188.19,0.0,4,4166.44,0
21,6,1564.45,1298.33,0.0,3,2862.78,0
21,7,895.59,1002.95,0.0,2,1898.54,0
21,8,1904.29,1937.42,0.0,4,3841.71,0
21,9,836.69,969.18,0.0,2,1805.87,0
21,10,1156.31,829.96,0.0,2,1986.27,0
21,11,998.46,996.47,0.0,2,1994.93,0
21,12,1011.93,1027.92,0.0,2,2039.85,0
21,13,975.3,827.64,0.0,2,1802.94,0
21,14,1019.31,882.47,0.0,2,1901.78,0
22,0,4826.73,4846.67,0.0,10,9673.4,0
22,1,3002.51,3036.34,0.0,6,6038.85,0
22,2,953.38,1013.07,0.0,2,1966.45,0
22,3,1219.49,1270.04,0.0,3,2489.53,0
22,4,2952.8,2989.64,0.0,6,5942.44,0
22,5,1961.09,2000.77,0.0,4,3961.86,0
22,6,1492.08,1566.58,0.0,3,3058.66,0
22,7,1147.44,986.54,0.0,2,2133.98,0
22,8,1936.55,1848.17,0.0,4,3784.72,0
22,9,1040.69,982.32,0.0,2,2023.01,0
22,10,1074.56,1038.28,0.0,2,2112.84,0
22,11,939.76,914.23,0.0,2,1853.99,0
22,12,1028.94,1062.36,0.0,2,2091.3,0
22,13,958.39,1027.01,0.0,2,1985.4,0
22,14,956.02,908.41,0.0,2,1864.43,0
23,0,5222.45,4538.66,0.0,10,9761.11,0
23,1,2677.31,3024.06,0.0,6,5701.37,0
23,2,942.4,1017.76,0.0,2,1960.16,0
23,3,1270.38,1414.76,0.0,3,2685.14,0
23,4,3009.92,2875.18,0.0,6,5885.1,0
23,5,1959.13,2012.32,0.0,4,3971.45,0
23,6,1245.11,1443.97,0.0,3,2689.08,0
23,7,857.09,1048.74,0.0,2,1905.83,0
23,8,1943.97,1893.61,0.0,4,3837.58,0
23,9,1028.11,994.79,0.0,2,2022.9,0
23,10,1184.27,978.87,0.0,2,2163.14,0
23,11,1030.54,1060.38,0.0,2,2090.92,0
23,12,1128.32,964.57,0.0,2,2092.89,0
23,13,924.55,1129.56,0.0,2,2054.11,0
23,14,993.1,1019.42,0.0,2,2012.52,0
24,0,4027.72,3873.36,0.0,10,7901.08,0
24,1,2462.2,2311.3,0.0,6,4773.5,0
24,2,925.94,721.49,0.0,2,1647.43,0
24,3,1119.53,1161.3,0.0,3,2280.83,0
24,4,2391.56,2441.92,0.0,6,4833.48,0
24,5,1656.52,1510.75,0.0,4,3167.27,0
24,6,1108.14,1198.25,0.0,3,2306.39,0
24,7,718.41,929.61,0.0,2,1648.02,0
24,8,1628.66,1548.0,0.0,4,3176.66,0
24,9,772.8,840.82,0.0,2,1613.62,0
24,10,807.61,868.7,0.0,2,1676.31,0
24,11,821.14,748.43,0.0,2,1569.57,0
24,12,727.05,788.16,0.0,2,1515.21,0
24,13,669.24,871.32,0.0,2,1540.56,0
24,14,800.35,823.46,0.0,2,1623.81,0
25,0,4021.78,4280.93,0.0,10,8302.71,0
25,1,2432.74,2392.43,0.0,6,4825.17,0
25,2,883.3,838.09,0.0,2,1721.39,0
25,3,1161.1,1149.5,0.0,3,2310.6,0
25,4,2566.48,2624.82,0.0,6,5191.3,0
25,5,1690.19,1743.5,0.0,4,3433.69,0
25,6,1136.99,1235.13,0.0,3,2372.12,0
25,7,936.82,813.21,0.0,2,1750.03,0
25,8,1617.03,1590.83,0.0,4,3207.86,0
25,9,875.26,876.03,0.0,2,1751.29,0
25,10,915.34,785.24,0.0,2,1700.58,0
25,11,851.11,855.01,0.0,2,1706.12,0
25,12,930.59,848.7,0.0,2,1779.29,0
25,13,822.59,819.53,0.0,2,1642.12,0
25,14,828.53,816.9,0.0,2,1645.43,0
26,0,5288.67,5381.78,0.0,10,10670.45,0
26,1,3122.39,3169.81,0.0,6,6292.2,0
26,2,1179.4,1194.44,0.0,2,2373.84,0
26,3,1533.87,1603.13,0.0,3,3137.0,0
26,4,3417.38,3276.17,0.0,6,6693.55,0
26,5,2408.29,2011.92,0.0,4,4420.21,0
26,6,1671.65,1684.62,0.0,3,3356.27,0
26,7,1022.99,1061.75,0.0,2,2084.74,0
26,8,2353.28,2153.97,0.0,4,4507.25,0
26,9,1174.67,1252.71,0.0,2,2427.38,0
26,10,1153.76,1081.23,0.0,2,2234.99,0
26,11,1039.94,1071.58,0.0,2,2111.52,0
26,12,1038.97,1213.92,0.0,2,2252.89,0
26,13,1122.94,1249.72,0.0,2,2372.66,0
26,14,1049.62,1171.07,0.0,2,2220.69,0
27,0,5446.45,5363.43,0.0,10,10809.88,0
27,1,3106.67,3411.24,0.0,6,6517.91,0
27,2,1281.63,1234.08,0.0,2,2515.71,0
27,3,1468.46,1518.62,0.0,3,2987.08,0
27,4,3244.52,3091.69,0.0,6,6336.21,0
27,5,2284.8,1923.38,0.0,4,4208.18,0
27,6,1496.3,1725.07,0.0,3,3221.37,0
27,7,1211.54,1106.04,0.0,2,2317.58,0
27,8,2253.63,2049.41,0.0,4,4303.04,0
27,9,971.15,1258.83,0.0,2,2229.98,0
27,10,975.06,1023.86,0.0,2,1998.92,0
27,11,957.32,1121.42,0.0,2,2078.74,0
27,12,996.84,984.65,0.0,2,1981.49,0
27,13,989.95,1029.46,0.0,2,2019.41,0
27,14,1146.18,989.32,0.0,2,2135.5,0
28,0,6093.42,5846.26,0.0,10,11939.68,0
28,1,3596.1,3666.57,0.0,6,7262.67,0
28,2,1140.67,1368.63,0.0,2,2509.3,0
28,3,1834.69,1877.01,0.0,3,3711.7,0
28,4,3756.2,3631.01,0.0,6,7387.21,0
28,5,2493.99,2185.78,0.0,4,4679.77,0
28,6,1577.08,1889.21,0.0,3,3466.29,0
28,7,1300.06,1258.91,0.0,2,2558.97,0
28,8,2242.64,2304.83,0.0,4,4547.47,0
28,9,1112.07,1335.32,0.0,2,2447.39,0
28,10,1378.98,1121.53,0.0,2,2500.51,0
28,11,1086.83,1238.09,0.0,2,2324.92,0
28,12,1296.66,1196.38,0.0,2,2493.04,0
28,13,1160.7,1268.18,0.0,2,2428.88,0
28,14,1127.29,1009.67,0.0,2,2136.96,0
29,0,4823.58,4615.49,0.0,10,9439.07,0
29,1,2672.56,3125.53,0.0,6,5798.09,0
29,2,912.07,1059.68,0.0,2,1971.75,0
29,3,1372.38,1391.37,0.0,3,2763.75,0
29,4,2946.22,2810.38,0.0,6,5756.6,0
29,5,1802.37,2055.53,0.0,4,3857.9,0
29,6,1460.86,1482.97,0.0,3,2943.83,0
29,7,1012.76,997.64,0.0,2,2010.4,0
29,8,2039.59,1906.95,0.0,4,3946.54,0
29,9,971.14,1035.52,0.0,2,2006.66,0
29,10,1036.86,954.72,0.0,2,1991.58,0
29,11,1019.71,936.55,0.0,2,1956.26,0
29,12,1103.77,796.96,0.0,2,1900.73,0
29,13,842.69,939.22,0.0,2,1781.91,0
29,14,926.68,834.73,0.0,2,1761.41,0
30,0,4004.17,4038.91,0.0,10,8043.08,0
30,1,2409.98,2475.39,0.0,6,4885.37,0
30,2,920.5,858.56,0.0,2,1779.06,0
30,3,1136.02,1130.71,0.0,3,2266.73,0
30,4,2407.01,2392.22,0.0,6,4799.23,0
30,5,1500.2,1603.0,0.0,4,3103.2,0
30,6,1089.96,1178.97,0.0,3,2268.93,0
30,7,979.22,754.99,0.0,2,1734.21,0
30,8,1712.49,1499.6,0.0,4,3212.09,0
30,9,727.83,897.97,0.0,2,1625.8,0
30,10,823.45,835.41,0.0,2,1658.86,0
30,11,872.19,821.02,0.0,2,1693.21,0
30,12,718.24,710.44,0.0,2,1428.68,0
30,13,833.06,859.22,0.0,2,1692.28,0
30,14,791.98,869.89,0.0,2,1661.87,0
31,0,4548.89,4580.56,0.0,10,9129.45,0
31,1,2791.23,2662.41,0.0,6,5453.64,0
31,2,1016.04,1042.25,0.0,2,2058.29,0
31,3,1369.57,1442.49,0.0,3,2812.06,0
31,4,2775.63,2706.63,0.0,6,5482.26,0
31,5,1801.38,1841.47,0.0,4,3642.85,0
31,6,1267.12,1393.75,0.0,3,2660.87,0
31,7,943.55,995.54,0.0,2,1939.09,0
31,8,1857.69,1799.57,0.0,4,3657.26,0
31,9,873.07,932.72,0.0,2,1805.79,0
31,10,969.12,918.52,0.0,2,1887.64,0
31,11,993.8,841.74,0.0,2,1835.54,0
31,12,851.95,909.07,0.0,2,1761.02,0
31,13,799.89,812.98,0.0,2,1612.87,0
31,14,860.45,839.68,0.0,2,1700.13,0
32,0,5461.4,5578.25,0.0,10,11039.65,0
32,1,3302.01,3492.92,0.0,6,6794.93,0
32,2,1283.65,1259.45,0.0,2,2543.1,0
32,3,1661.19,1743.22,0.0,3,3404.41,0
32,4,3530.74,3201.73,0.0,6,6732.47,0
32,5,2118.73,2365.28,0.0,4,4484.01,0
32,6,1611.29,1668.65,0.0,3,3279.94,0
32,7,1206.33,1078.35,0.0,2,2284.68,0
32,8,2358.29,2062.2,0.0,4,4420.49,0
32,9,1206.89,1261.93,0.0,2,2468.82,0
32,10,1106.97,1037.04,0.0,2,2144.01,0
32,11,1108.31,941.26,0.0,2,2049.57,0
32,12,1152.4,1117.39,0.0,2,2269.79,0
32,13,946.67,1165.31,0.0,2,2111.98,0
32,14,988.56,1070.45,0.0,2,2059.01,0
33,0,5134.84,5006.18,0.0,10,10141.02,0
33,1,3085.37,3413.03,0.0,6,6498.4,0
33,2,939.12,919.42,0.0,2,1858.54,0
33,3,1445.43,1406.91,0.0,3,2852.34,0
33,4,3024.26,3002.54,0.0,6,6026.8,0
33,5,2155.31,1934.79,0.0,4,4090.1,0
33,6,1340.01,1507.64,0.0,3,2847.65,0
33,7,1078.67,1123.31,0.0,2,2201.98,0
33,8,2036.11,1852.19,0.0,4,3888.3,0
33,9,1031.21,947.67,0.0,2,1978.88,0
33,10,1129.41,1122.94,0.0,2,2252.35,0
33,11,1010.73,1141.43,0.0,2,2152.16,0
33,12,1082.87,1053.07,0.0,2,2135.94,0
33,13,1042.26,1058.11,0.0,2,2100.37,0
33,14,880.38,926.75,0.0,2,1807.13,0
34,0,4842.43,4531.37,0.0,10,9373.8,0
34,1,2567.55,3180.29,0.0,6,5747.84,0
34,2,1123.88,1089.11,0.0,2,2212.99,0
34,3,1281.96,1371.99,0.0,3,2653.95,0
34,4,3193.71,2968.86,0.0,6,6162.57,0
34,5,2000.33,1948.63,0.0,4,3948.96,0
34,6,1455.97,1393.78,0.0,3,2849.75,0
34,7,1001.47,1055.35,0.0,2,2056.82,0
34,8,2061.79,1729.07,0.0,4,3790.86,0
34,9,923.3,1008.92,0.0,2,1932.22,0
34,10,1080.12,984.02,0.0,2,2064.14,0
34,11,1037.1,1026.52,0.0,2,2063.62,0
34,12,1013.58,1058.48,0.0,2,2072.06,0
34,13,856.5,1064.31,0.0,2,1920.81,0
34,14,879.41,908.4,0.0,2,1787.81,0
35,0,5334.16,5390.41,0.0,10,10724.57,0
35,1,3209.89,3501.94,0.0,6,6711.83,0
35,2,1236.64,1135.0,0.0,2,2371.64,0
35,3,1662.87,1640.69,0.0,3,3303.56,0
35,4,3639.05,3548.7,0.0,6,7187.75,0
35,5,2319.05,2303.94,0.0,4,4622.99,0
35,6,1750.66,1743.87,0.0,3,3494.53,0
35,7,1158.29,1126.66,0.0,2,2284.95,0
35,8,2288.31,2121.36,0.0,4,4409.67,0
35,9,1094.68,1143.04,0.0,2,2237.72,0
35,10,1122.61,1161.14,0.0,2,2283.75,0
35,11,1058.08,1071.39,0.0,2,2129.47,0
35,12,1343.01,1244.64,0.0,2,2587.65,0
35,13,983.4,1154.4,0.0,2,2137.8,0
35,14,1166.79,1080.31,0.0,2,2247.1,0
36,0,5395.99,5360.78,0.0,10,10756.77,0
36,1,3395.35,3574.04,0.0,6,6969.39,0
36,2,1080.63,1200.21,0.0,2,2280.84,0
36,3,1804.05,1774.83,0.0,3,3578.88,0
36,4,3781.41,3397.99,0.0,6,7179.4,0
36,5,2233.61,2330.1,0.0,4,4563.71,0
36,6,1599.07,2011.66,0.0,3,3610.73,0
36,7,1088.31,993.13,0.0,2,2081.44,0
36,8,2281.99,2301.06,0.0,4,4583.05,0
36,9,1146.6,1051.83,0.0,2,2198.43,0
36,10,1130.74,1122.21,0.0,2,2252.95,0
36,11,1008.24,1076.89,0.0,2,2085.13,0
36,12,1124.41,1003.54,0.0,2,2127.95,0
36,13,1077.48,1223.18,0.0,2,2300.66,0
36,14,1265.22,991.65,0.0,2,2256.87,0
37,0,4085.05,4387.88,0.0,10,8472.93,0
37,1,2511.85,2712.85,0.0,6,5224.7,0
37,2,1040.39,988.04,0.0,2,2028.43,0
37,3,1155.02,1256.56,0.0,3,2411.58,0
37,4,2795.31,2600.38,0.0,6,5395.69,0
37,5,1832.89,1725.22,0.0,4,3558.11,0
37,6,1099.9,1238.6,0.0,3,2338.5,0
37,7,945.29,928.86,0.0,2,1874.15,0
37,8,1761.41,1691.81,0.0,4,3453.22,0
37,9,881.82,801.39,0.0,2,1683.21,0
37,10,898.21,825.83,0.0,2,1724.04,0
37,11,999.91,742.63,0.0,2,1742.54,0
37,12,855.15,955.53,0.0,2,1810.68,0
37,13,785.36,878.43,0.0,2,1663.79,0
37,14,862.33,775.88,0.0,2,1638.21,0
38,0,4434.63,4742.31,0.0,10,9176.94,0
38,1,2547.48,2958.55,0.0,6,5506.03,0
38,2,993.6,849.79,0.0,2,1843.39,0
38,3,1328.97,1342.94,0.0,3,2671.91,0
38,4,2769.92,2830.3,0.0,6,5600.22,0
38,5,2040.55,1680.91,0.0,4,3721.46,0
38,6,1247.37,1465.55,0.0,3,2712.92,0
38,7,1086.03,951.15,0.0,2,2037.18,0
38,8,2040.62,1894.51,0.0,4,3935.13,0
38,9,899.87,787.31,0.0,2,1687.18,0
38,10,1089.52,838.23,0.0,2,1927.75,0
38,11,931.89,990.52,0.0,2,1922.41,0
38,12,825.93,915.55,0.0,2,1741.48,0
38,13,966.96,1005.08,0.0,2,1972.04,0
38,14,931.09,881.73,0.0,2,1812.82,0
39,0,5053.58,5041.96,0.0,10,10095.54,0
39,1,2983.59,3179.17,0.0,6,6162.76,0
39,2,1093.87,862.21,0.0,2,1956.08,0
39,3,1564.79,1447.26,0.0,3,3012.05,0
39,4,3142.95,3102.08,0.0,6,6245.03,0
39,5,2026.56,2126.56,0.0,4,4153.12,0
39,6,1494.52,1411.45,0.0,3,2905.97,0
39,7,1170.76,952.28,0.0,2,2123.04,0
39,8,1902.12,2093.85,0.0,4,3995.97,0
39,9,915.97,922.24,0.0,2,1838.21,0
39,10,1050.19,1032.63,0.0,2,2082.82,0
39,11,900.62,1005.12,0.0,2,1905.74,0
39,12,1110.95,1005.47,0.0,2,2116.42,0
39,13,1029.26,1178.67,0.0,2,2207.93,0
39,14,889.56,968.34,0.0,2,1857.9,0
40,0,4307.54,4283.04,0.0,10,8590.58,0
40,1,2612.23,2636.53,0.0,6,5248.76,0
40,2,979.43,818.71,0.0,2,1798.14,0
40,3,1219.01,1168.96,0.0,3,2387.97,0
40,4,2557.04,2756.13,0.0,6,5313.17,0
40,5,1674.19,1685.79,0.0,4,3359.98,0
40,6,1109.02,1380.78,0.0,3,2489.8,0
40,7,1009.55,899.94,0.0,2,1909.49,0
40,8,1743.88,1755.71,0.0,4,3499.59,0
40,9,925.74,767.25,0.0,2,1692.99,0
40,10,988.63,842.83,0.0,2,1831.46,0
40,11,827.94,863.19,0.0,2,1691.13,0
40,12,854.56,875.64,0.0,2,1730.2,0
40,13,895.86,868.49,0.0,2,1764.35,0
40,14,747.92,849.55,0.0,2,1597.47,0
41,0,5019.07,5005.9,0.0,10,10024.97,0
41,1,2782.61,2715.28,0.0,6,5497.89,0
41,2,1143.7,937.53,0.0,2,2081.23,0
41,3,1442.6,1295.7,0.0,3,2738.3,0
41,4,3093.05,2895.28,0.0,6,5988.33,0
41,5,2060.45,2218.45,0.0,4,4278.9,0
41,6,1206.8,1395.23,0.0,3,2602.03,0
41,7,1006.22,1127.63,0.0,2,2133.85,0
41,8,1900.4,1960.94,0.0,4,3861.34,0
41,9,1113.81,976.05,0.0,2,2089.86,0
41,10,1130.98,994.04,0.0,2,2125.02,0
41,11,1029.97,1049.45,0.0,2,2079.42,0
41,12,1052.66,1114.11,0.0,2,2166.77,0
41,13,834.75,1018.06,0.0,2,1852.81,0
41,14,915.48,1028.9,0.0,2,1944.38,0
42,0,5225.96,5716.25,0.0,10,10942.21,0
42,1,3137.94,3473.3,0.0,6,6611.24,0
42,2,1215.58,1144.04,0.0,2,2359.62,0
42,3,1709.64,1500.69,0.0,3,3210.33,0
42,4,3457.47,3607.33,0.0,6,7064.8,0
42,5,2147.55,2232.62,0.0,4,4380.17,0
42,6,1601.51,1611.26,0.0,3,3212.77,0
42,7,1225.91,1064.86,0.0,2,2290.77,0
42,8,1877.76,2049.12,0.0,4,3926.88,0
42,9,1274.33,1132.68,0.0,2,2407.01,0
42,10,1070.73,872.2,0.0,2,1942.93,0
42,11,1043.97,992.49,0.0,2,2036.46,0
42,12,1172.6,1037.94,0.0,2,2210.54,0
42,13,1204.4,967.43,0.0,2,2171.83,0
42,14,1070.34,1033.48,0.0,2,2103.82,0
43,0,4362.72,4318.59,0.0,10,8681.31,0
43,1,2569.0,2730.96,0.0,6,5299.96,0
43,2,998.04,1003.39,0.0,2,2001.43,0
43,3,1212.96,1204.74,0.0,3,2417.7,0
43,4,2785.34,2652.42,0.0,6,5437.76,0
43,5,1854.37,1742.84,0.0,4,3597.21,0
43,6,1182.71,1382.56,0.0,3,2565.27,0
43,7,962.49,957.62,0.0,2,1920.11,0
43,8,1714.49,1802.4,0.0,4,3516.89,0
43,9,848.14,879.91,0.0,2,1728.05,0
43,10,1078.35,813.89,0.0,2,1892.24,0
43,11,821.05,786.54,0.0,2,1607.59,0
43,12,838.82,931.77,0.0,2,1770.59,0
43,13,788.71,864.54,0.0,2,1653.25,0
43,14,938.38,883.4,0.0,2,1821.78,0
44,0,5594.9,5641.67,0.0,10,11236.57,0
44,1,3291.82,3277.51,0.0,6,6569.33,0
44,2,1231.25,1013.08,0.0,2,2244.33,0
44,3,1538.03,1575.54,0.0,3,3113.57,0
44,4,3355.07,3342.83,0.0,6,6697.9,0
44,5,2262.54,2316.58,0.0,4,4579.12,0
44,6,1616.78,1734.35,0.0,3,3351.13,0
44,7,1252.9,1267.69,0.0,2,2520.59,0
44,8,1970.4,2301.44,0.0,4,4271.84,0
44,9,1206.66,1088.42,0.0,2,2295.08,0
44,10,1212.56,1031.15,0.0,2,2243.71,0
44,11,1209.71,1269.42,0.0,2,2479.13,0
44,12,1198.12,984.39,0.0,2,2182.51,0
44,13,1062.28,1245.39,0.0,2,2307.67,0
44,14,1195.45,1109.01,0.0,2,2304.46,0
45,0,4291.79,4023.31,0.0,10,8315.1,0
45,1,2319.52,2771.32,0.0,6,5090.84,0
45,2,831.67,779.62,0.0,2,1611.29,0
45,3,1262.64,1281.11,0.0,3,2543.75,0
45,4,2535.1,2345.64,0.0,6,4880.74,0
45,5,1816.91,1782.65,0.0,4,3599.56,0
45,6,1092.91,1185.49,0.0,3,2278.4,0
45,7,921.62,859.62,0.0,2,1781.24,0
45,8,1682.34,1658.37,0.0,4,3340.71,0
45,9,751.43,944.68,0.0,2,1696.11,0
45,10,817.21,806.75,0.0,2,1623.96,0
45,11,817.57,894.39,0.0,2,1711.96,0
45,12,797.87,744.39,0.0,2,1542.26,0
45,13,714.58,755.9,0.0,2,1470.48,0
45,14,925.34,745.26,0.0,2,1670.6,0
46,0,4804.13,4780.07,0.0,10,9584.2,0
46,1,2664.83,2919.2,0.0,6,5584.03,0
46,2,1210.21,1082.4,0.0,2,2292.61,0
46,3,1333.67,1304.02,0.0,3,2637.69,0
46,4,3058.94,3106.48,0.0,6,6165.42,0
46,5,1929.31,2011.62,0.0,4,3940.93,0
46,6,1277.81,1557.28,0.0,3,2835.09,0
46,7,1144.69,984.97,0.0,2,2129.66,0
46,8,2028.07,1886.31,0.0,4,3914.38,0
46,9,1161.44,1011.34,0.0,2,2172.78,0
46,10,1061.85,952.44,0.0,2,2014.29,0
46,11,978.4,974.72,0.0,2,1953.12,0
46,12,1084.47,1066.22,0.0,2,2150.69,0
46,13,917.49,992.28,0.0,2,1909.77,0
46,14,952.94,978.9,0.0,2,1931.84,0
47,0,3998.49,4062.14,0.0,10,8060.63,0
47,1,2341.06,2377.57,0.0,6,4718.63,0
47,2,812.51,853.75,0.0,2,1666.26,0
47,3,1212.59,1140.74,0.0,3,2353.33,0
47,4,2891.0,2393.25,0.0,6,5284.25,0
47,5,1570.76,1672.58,0.0,4,3243.34,0
47,6,1058.31,1430.23,0.0,3,2488.54,0
47,7,746.0,895.37,0.0,2,1641.37,0
47,8,1841.62,1627.59,0.0,4,3469.21,0
47,9,836.43,848.41,0.0,2,1684.84,0
47,10,944.35,818.53,0.0,2,1762.88,0
47,11,772.09,730.37,0.0,2,1502.46,0
47,12,918.46,909.68,0.0,2,1828.14,0
47,13,801.39,1009.06,0.0,2,1810.45,0
47,14,807.76,783.55,0.0,2,1591.31,0
48,0,4310.51,4554.65,0.0,10,8865.16,0
48,1,2367.2,2667.46,0.0,6,5034.66,0
48,2,975.48,981.23,0.0,2,1956.71,0
48,3,1277.96,1328.0,0.0,3,2605.96,0
48,4,2786.38,2619.63,0.0,6,5406.01,0
48,5,1740.74,1877.14,0.0,4,3617.88,0
48,6,1186.88,1311.46,0.0,3,2498.34,0
48,7,788.92,936.05,0.0,2,1724.97,0
48,8,1739.13,1599.43,0.0,4,3338.56,0
48,9,974.69,808.34,0.0,2,1783.03,0
48,10,977.71,747.8,0.0,2,1725.51,0
48,11,992.15,845.35,0.0,2,1837.5,0
48,12,874.42,929.91,0.0,2,1804.33,0
48,13,954.4,819.0,0.0,2,1773.4,0
48,14,918.52,839.64,0.0,2,1758.16,0
49,0,3993.04,4064.47,0.0,10,8057.51,0
49,1,2157.36,2519.1,0.0,6,4676.46,0
49,2,942.83,868.17,0.0,2,1811.0,0
49,3,1232.92,1240.97,0.0,3,2473.89,0
49,4,2287.3,2622.97,0.0,6,4910.27,0
49,5,1749.49,1382.4,0.0,4,3131.89,0
49,6,1086.76,1127.05,0.0,3,2213.81,0
49,7,783.39,797.28,0.0,2,1580.67,0
49,8,1682.8,1475.49,0.0,4,3158.29,0
49,9,724.08,808.24,0.0,2,1532.32,0
49,10,806.57,771.14,0.0,2,1577.71,0
49,11,807.01,912.41,0.0,2,1719.42,0
49,12,868.49,726.89,0.0,2,1595.38,0
49,13,836.43,764.07,0.0,2,1600.5,0
49,14,806.92,684.74,0.0,2,1491.66,0
50,0,4798.21,4921.64,0.0,10,9719.85,0
50,1,2733.28,2758.15,0.0,6,5491.43,0
50,2,1039.94,886.34,0.0,2,1926.28,0
50,3,1312.28,1312.71,0.0,3,2624.99,0
50,4,2871.71,2684.26,0.0,6,5555.97,0
50,5,1783.94,1907.46,0.0,4,3691.4,0
50,6,1262.79,1639.77,0.0,3,2902.56,0
50,7,1021.55,957.9,0.0,2,1979.45,0
50,8,1852.52,1751.67,0.0,4,3604.19,0
50,9,1023.61,891.53,0.0,2,1915.14,0
50,10,960.12,978.09,0.0,2,1938.21,0
50,11,1083.74,976.34,0.0,2,2060.08,0
50,12,1014.74,894.78,0.0,2,1909.52,0
50,13,922.86,1068.0,0.0,2,1990.86,0
50,14,915.37,968.02,0.0,2,1883.39,0
51,0,5510.88,5786.4,0.0,10,11297.28,0
51,1,3672.27,3469.47,0.0,6,7141.74,0
51,2,1258.87,1221.68,0.0,2,2480.55,0
51,3,1583.07,1748.7,0.0,3,3331.77,0
51,4,3545.31,3613.16,0.0,6,7158.47,0
51,5,2235.04,2211.72,0.0,4,4446.76,0
51,6,1614.79,1848.85,0.0,3,3463.64,0
51,7,1137.4,1114.26,0.0,2,2251.66,0
51,8,2287.68,2339.63,0.0,4,4627.31,0
51,9,1114.57,1214.88,0.0,2,2329.45,0
51,10,1422.48,1150.67,0.0,2,2573.15,0
51,11,1124.17,1018.68,0.0,2,2142.85,0
51,12,1378.07,1043.87,0.0,2,2421.94,0
51,13,1057.41,1131.81,0.0,2,2189.22,0
51,14,995.92,1024.15,0.0,2,2020.07,0
52,0,4887.52,5318.07,0.0,10,10205.59,0
52,1,3336.55,3414.14,0.0,6,6750.69,0
52,2,1108.6,1123.78,0.0,2,2232.38,0
52,3,1471.85,1610.4,0.0,3,3082.25,0
52,4,3428.68,3052.58,0.0,6,6481.26,0
52,5,2065.01,2135.52,0.0,4,4200.53,0
52,6,1570.97,1470.89,0.0,3,3041.86,0
52,7,949.33,1114.28,0.0,2,2063.61,0
52,8,2125.71,2015.68,0.0,4,4141.39,0
52,9,1058.72,965.18,0.0,2,2023.9,0
52,10,1221.73,817.23,0.0,2,2038.96,0
52,11,1164.64,942.67,0.0,2,2107.31,0
52,12,1000.2,1076.04,0.0,2,2076.24,0
52,13,822.32,971.42,0.0,2,1793.74,0
52,14,921.55,1105.5,0.0,2,2027.05,0
53,0,5085.29,5206.54,0.0,10,10291.83,0
53,1,3358.55,3322.16,0.0,6,6680.71,0
53,2,1103.59,1099.02,0.0,2,2202.61,0
53,3,1502.71,1725.13,0.0,3,3227.84,0
53,4,3488.47,3366.89,0.0,6,6855.36,0
53,5,2087.29,2120.65,0.0,4,4207.94,0
53,6,1703.62,1898.2,0.0,3,3601.82,0
53,7,1256.19,1094.31,0.0,2,2350.5,0
53,8,2367.49,2147.86,0.0,4,4515.35,0
53,9,1259.32,1006.59,0.0,2,2265.91,0
53,10,1299.29,1153.14,0.0,2,2452.43,0
53,11,1114.42,1030.55,0.0,2,2144.97,0
53,12,976.38,1087.1,0.0,2,2063.48,0
53,13,1032.51,1340.09,0.0,2,2372.6,0
53,14,1033.16,1070.05,0.0,2,2103.21,0
54,0,4741.67,4957.26,0.0,10,9698.93,0
54,1,2642.67,2954.12,0.0,6,5596.79,0
54,2,1039.87,898.46,0.0,2,1938.33,0
54,3,1322.59,1260.38,0.0,3,2582.97,0
54,4,2966.77,2719.47,0.0,6,5686.24,0
54,5,1737.5,1927.08,0.0,4,3664.58,0
54,6,1350.04,1510.61,0.0,3,2860.65,0
54,7,1067.99,1058.14,0.0,2,2126.13,0
54,8,1732.62,1576.12,0.0,4,3308.74,0
54,9,1001.63,1006.16,0.0,2,2007.79,0
54,10,1076.03,985.71,0.0,2,2061.74,0
54,11,1100.44,880.93,0.0,2,1981.37,0
54,12,971.59,844.95,0.0,2,1816.54,0
54,13,811.78,1041.47,0.0,2,1853.25,0
54,14,880.33,822.66,0.0,2,1702.99,0
55,0,4437.12,4356.14,0.0,10,8793.26,0
55,1,2635.2,2902.79,0.0,6,5537.99,0
55,2,930.2,899.99,0.0,2,1830.19,0
55,3,1304.01,1183.21,0.0,3,2487.22,0
55,4,2891.63,2879.18,0.0,6,5770.81,0
55,5,1917.36,1754.62,0.0,4,3671.98,0
55,6,1210.86,1457.37,0.0,3,2668.23,0
55,7,961.06,1036.25,0.0,2,1997.31,0
55,8,1920.81,1808.13,0.0,4,3728.94,0
55,9,868.74,771.92,0.0,2,1640.66,0
55,10,1027.36,951.47,0.0,2,1978.83,0
55,11,790.78,896.21,0.0,2,1686.99,0
55,12,929.18,933.89,0.0,2,1863.07,0
55,13,925.89,985.63,0.0,2,1911.52,0
55,14,945.86,879.26,0.0,2,1825.12,0
56,0,4541.51,4962.67,0.0,10,9504.18,0
56,1,2748.32,2756.33,0.0,6,5504.65,0
56,2,1053.79,1043.31,0.0,2,2097.1,0
56,3,1292.82,1348.51,0.0,3,2641.33,0
56,4,2912.66,2746.82,0.0,6,5659.48,0
56,5,1805.93,1627.86,0.0,4,3433.79,0
56,6,1460.74,1529.46,0.0,3,2990.2,0
56,7,1068.63,919.74,0.0,2,1988.37,0
56,8,1942.29,2028.08,0.0,4,3970.37,0
56,9,1076.1,850.03,0.0,2,1926.13,0
56,10,1153.34,1043.85,0.0,2,2197.19,0
56,11,931.56,889.95,0.0,2,1821.51,0
56,12,851.44,885.36,0.0,2,1736.8,0
56,13,847.95,1037.41,0.0,2,1885.36,0
56,14,900.61,918.31,0.0,2,1818.92,0
57,0,4849.42,4897.32,0.0,10,9746.74,0
57,1,2519.03,2757.0,0.0,6,5276.03,0
57,2,1148.45,820.37,0.0,2,1968.82,0
57,3,1282.0,1501.76,0.0,3,2783.76,0
57,4,2933.95,3112.03,0.0,6,6045.98,0
57,5,2046.9,1882.09,0.0,4,3928.99,0
57,6,1476.05,1333.08,0.0,3,2809.13,0
57,7,1043.72,1000.79,0.0,2,2044.51,0
57,8,1985.12,1800.4,0.0,4,3785.52,0
57,9,879.39,966.79,0.0,2,1846.18,0
57,10,973.5,995.01,0.0,2,1968.51,0
57,11,958.45,987.44,0.0,2,1945.89,0
57,12,978.5,1055.36,0.0,2,2033.86,0
57,13,978.3,1042.5,0.0,2,2020.8,0
57,14,1042.48,943.32,0.0,2,1985.8,0
58,0,4638.27,4263.61,0.0,10,8901.88,0
58,1,2584.96,2737.23,0.0,6,5322.19,0
58,2,843.97,871.15,0.0,2,1715.12,0
58,3,1033.62,1145.67,0.0,3,2179.29,0
58,4,2820.4,2399.39,0.0,6,5219.79,0
58,5,1618.81,1831.4,0.0,4,3450.21,0
58,6,1271.69,1336.99,0.0,3,2608.68,0
58,7,813.69,964.32,0.0,2,1778.01,0
58,8,1659.26,1585.26,0.0,4,3244.52,0
58,9,796.28,986.52,0.0,2,1782.8,0
58,10,994.64,974.89,0.0,2,1969.53,0
58,11,918.95,903.55,0.0,2,1822.5,0
58,12,844.2,840.7,0.0,2,1684.9,0
58,13,881.41,886.96,0.0,2,1768.37,0
58,14,804.09,796.6,0.0,2,1600.69,0
59,0,5176.6,5219.52,0.0,10,10396.12,0
59,1,2935.78,3344.23,0.0,6,6280.01,0
59,2,1092.99,1036.45,0.0,2,2129.44,0
59,3,1461.91,1511.1,0.0,3,2973.01,0
59,4,3104.4,3182.55,0.0,6,6286.95,0
59,5,2075.05,2010.51,0.0,4,4085.56,0
59,6,1408.94,1505.86,0.0,3,2914.8,0
59,7,1217.05,1114.4,0.0,2,2331.45,0
59,8,2098.48,1832.06,0.0,4,3930.54,0
59,9,1173.05,1005.9,0.0,2,2178.95,0
59,10,1083.56,1059.33,0.0,2,2142.89,0
59,11,1150.99,1038.91,0.0,2,2189.9,0
59,12,1109.31,848.62,0.0,2,1957.93,0
59,13,898.53,1139.1,0.0,2,2037.63,0
59,14,842.38,980.48,0.0,2,1822.86,0
60,0,3855.09,4307.64,0.0,10,8162.73,0
60,1,2554.58,2837.17,0.0,6,5391.75,0
60,2,979.5,954.49,0.0,2,1933.99,0
60,3,1250.05,1213.41,0.0,3,2463.46,0
60,4,2674.28,2654.08,0.0,6,5328.36,0
60,5,1642.59,1885.18,0.0,4,3527.77,0
60,6,1313.66,1231.84,0.0,3,2545.5,0
60,7,996.01,872.29,0.0,2,1868.3,0
60,8,1796.64,1653.83,0.0,4,3450.47,0
60,9,824.27,810.79,0.0,2,1635.06,0
60,10,832.47,711.75,0.0,2,1544.22,0
60,11,934.44,688.49,0.0,2,1622.93,0
60,12,958.19,826.66,0.0,2,1784.85,0
60,13,857.37,812.74,0.0,2,1670.11,0
60,14,806.72,815.5,0.0,2,1622.22,0
61,0,5492.06,5630.41,0.0,10,11122.47,0
61,1,3237.34,3625.1,0.0,6,6862.44,0
61,2,1240.33,1283.54,0.0,2,2523.87,0
61,3,1591.86,1726.27,0.0,3,3318.13,0
61,4,3891.27,3390.21,0.0,6,7281.48,0
61,5,2381.69,2294.12,0.0,4,4675.81,0
61,6,1664.66,1881.42,0.0,3,3546.08,0
61,7,1383.72,1151.53,0.0,2,2535.25,0
61,8,2466.51,2256.5,0.0,4,4723.01,0
61,9,1205.37,1129.04,0.0,2,2334.41,0
61,10,1109.44,1064.31,0.0,2,2173.75,0
61,11,1149.29,1235.77,0.0,2,2385.06,0
61,12,1385.86,1232.75,0.0,2,2618.61,0
61,13,977.16,1373.73,0.0,2,2350.89,0
61,14,1098.16,1000.02,0.0,2,2098.18,0
62,0,5740.14,5981.15,0.0,10,11721.29,0
62,1,3122.99,3610.93,0.0,6,6733.92,0
62,2,1229.49,1227.0,0.0,2,2456.49,0
62,3,1787.72,1754.74,0.0,3,3542.46,0
62,4,3507.78,3588.62,0.0,6,7096.4,0
62,5,2590.52,2229.49,0.0,4,4820.01,0
62,6,1656.22,1724.15,0.0,3,3380.37,0
62,7,1426.79,1240.96,0.0,2,2667.75,0
62,8,2673.92,2427.31,0.0,4,5101.23,0
62,9,1274.73,1183.27,0.0,2,2458.0,0
62,10,1385.41,1326.05,0.0,2,2711.46,0
62,11,1167.71,1297.88,0.0,2,2465.59,0
62,12,1248.33,1213.18,0.0,2,2461.51,0
62,13,1190.33,1202.08,0.0,2,2392.41,0
62,14,1086.98,1082.25,0.0,2,2169.23,0
63,0,5406.23,5928.12,0.0,10,11334.35,0
63,1,3430.09,3601.64,0.0,6,7031.73,0
63,2,1298.8,1127.76,0.0,2,2426.56,0
63,3,1619.55,1789.14,0.0,3,3408.69,0
63,4,3676.73,3339.74,0.0,6,7016.47,0
63,5,1943.94,2249.44,0.0,4,4193.38,0
63,6,1469.36,1951.98,0.0,3,3421.34,0
63,7,1319.89,1027.52,0.0,2,2347.41,0
63,8,2435.78,2258.93,0.0,4,4694.71,0
63,9,1193.95,1246.06,0.0,2,2440.01,0
63,10,1322.15,1100.43,0.0,2,2422.58,0
63,11,1157.61,959.66,0.0,2,2117.27,0
63,12,1250.72,1019.26,0.0,2,2269.98,0
63,13,1129.1,1188.79,0.0,2,2317.89,0
63,14,1190.65,1056.08,0.0,2,2246.73,0
64,0,5411.78,5405.46,0.0,10,10817.24,0
64,1,3155.94,3097.06,0.0,6,6253.0,0
64,2,1246.56,1126.4,0.0,2,2372.96,0
64,3,1592.32,1680.83,0.0,3,3273.15,0
64,4,3380.35,3231.41,0.0,6,6611.76,0
64,5,2205.65,2331.63,0.0,4,4537.28,0
64,6,1380.78,1705.98,0.0,3,3086.76,0
64,7,1049.47,1107.36,0.0,2,2156.83,0
64,8,2139.3,1974.82,0.0,4,4114.12,0
64,9,1063.94,919.04,0.0,2,1982.98,0
64,10,1186.5,929.34,0.0,2,2115.84,0
64,11,992.71,1237.13,0.0,2,2229.84,0
64,12,1113.1,979.65,0.0,2,2092.75,0
64,13,1037.35,1239.62,0.0,2,2276.97,0
64,14,996.11,986.13,0.0,2,1982.24,0
65,0,4509.7,4568.01,0.0,10,9077.71,0
65,1,2599.11,2758.59,0.0,6,5357.7,0
65,2,973.46,864.6,0.0,2,1838.06,0
65,3,1257.35,1239.46,0.0,3,2496.81,0
65,4,2798.28,2738.91,0.0,6,5537.19,0
65,5,1916.88,1632.77,0.0,4,3549.65,0
65,6,1140.54,1433.35,0.0,3,2573.89,0
65,7,925.8,868.37,0.0,2,1794.17,0
65,8,1791.69,1642.73,0.0,4,3434.42,0
65,9,946.42,829.56,0.0,2,1775.98,0
65,10,836.91,991.79,0.0,2,1828.7,0
65,11,875.04,968.86,0.0,2,1843.9,0
65,12,915.56,833.58,0.0,2,1749.14,0
65,13,776.57,890.05,0.0,2,1666.62,0
65,14,833.93,836.61,0.0,2,1670.54,0
66,0,4011.04,4363.78,0.0,10,8374.82,0
66,1,2591.72,2449.59,0.0,6,5041.31,0
66,2,936.67,923.37,0.0,2,1860.04,0
66,3,1155.49,1257.18,0.0,3,2412.67,0
66,4,2685.0,2794.14,0.0,6,5479.14,0
66,5,1616.98,1618.16,0.0,4,3235.14,0
66,6,1136.81,1318.81,0.0,3,2455.62,0
66,7,957.99,828.03,0.0,2,1786.02,0
66,8,1583.09,1382.71,0.0,4,2965.8,0
66,9,889.79,869.5,0.0,2,1759.29,0
66,10,906.64,801.84,0.0,2,1708.48,0
66,11,907.97,731.57,0.0,2,1639.54,0
66,12,862.81,836.94,0.0,2,1699.75,0
66,13,831.33,972.63,0.0,2,1803.96,0
66,14,753.98,679.06,0.0,2,1433.04,0
67,0,4349.45,4651.38,0.0,10,9000.83,0
67,1,2552.49,3054.76,0.0,6,5607.25,0
67,2,1050.58,816.53,0.0,2,1867.11,0
67,3,1434.18,1178.31,0.0,3,2612.49,0
67,4,2882.64,2690.87,0.0,6,5573.51,0
67,5,1974.91,1970.11,0.0,4,3945.02,0
67,6,1371.31,1490.7,0.0,3,2862.01,0
67,7,955.93,901.33,0.0,2,1857.26,0
67,8,1793.36,1704.53,0.0,4,3497.89,0
67,9,964.62,860.14,0.0,2,1824.76,0
67,10,1076.77,775.61,0.0,2,1852.38,0
67,11,1002.29,921.67,0.0,2,1923.96,0
67,12,845.7,969.29,0.0,2,1814.99,0
67,13,822.32,869.05,0.0,2,1691.37,0
67,14,785.69,1007.96,0.0,2,1793.65,0
68,0,5471.48,5612.46,0.0,10,11083.94,0
68,1,3335.33,3629.74,0.0,6,6965.07,0
68,2,1337.39,1031.72,0.0,2,2369.11,0
68,3,1861.49,1708.3,0.0,3,3569.79,0
68,4,3705.61,3274.08,0.0,6,6979.69,0
68,5,2325.36,2226.06,0.0,4,4551.42,0
68,6,1541.97,2033.7,0.0,3,3575.67,0
68,7,1012.9,1158.82,0.0,2,2171.72,0
68,8,2624.23,2246.45,0.0,4,4870.68,0
68,9,1302.3,1196.69,0.0,2,2498.99,0
68,10,1150.24,1243.69,0.0,2,2393.93,0
68,11,1136.34,1135.26,0.0,2,2271.6,0
68,12,1150.26,1197.25,0.0,2,2347.51,0
68,13,1064.61,1253.39,0.0,2,2318.0,0
68,14,1100.0,1171.9,0.0,2,2271.9,0
69,0,5408.44,5630.09,0.0,10,11038.53,0
69,1,3495.79,3674.87,0.0,6,7170.66,0
69,2,1098.6,1134.34,0.0,2,2232.94,0
69,3,1691.4,1626.32,0.0,3,3317.72,0
69,4,3642.28,3291.06,0.0,6,6933.34,0
69,5,2392.53,2115.91,0.0,4,4508.44,0
69,6,1722.58,1840.51,0.0,3,3563.09,0
69,7,1209.21,1091.55,0.0,2,2300.76,0
69,8,2151.19,2118.39,0.0,4,4269.58,0
69,9,1117.23,991.83,0.0,2,2109.06,0
69,10,1252.91,1129.26,0.0,2,2382.17,0
69,11,1205.96,1162.28,0.0,2,2368.24,0
69,12,986.68,1323.3,0.0,2,2309.98,0
69,13,973.58,1244.68,0.0,2,2218.26,0
69,14,1077.8,1051.79,0.0,2,2129.59,0
70,0,5152.17,4877.36,0.0,10,10029.53,0
70,1,2725.12,2917.99,0.0,6,5643.11,0
70,2,986.86,999.46,0.0,2,1986.32,0
70,3,1353.38,1519.14,0.0,3,2872.52,0
70,4,3073.16,2752.23,0.0,6,5825.39,0
70,5,1952.7,1936.94,0.0,4,3889.64,0
70,6,1240.81,1408.34,0.0,3,2649.15,0
70,7,1117.58,1113.06,0.0,2,2230.64,0
70,8,1951.09,2028.51,0.0,4,3979.6,0
70,9,837.5,815.48,0.0,2,1652.98,0
70,10,1230.71,835.29,0.0,2,2066.0,0
70,11,971.77,1048.92,0.0,2,2020.69,0
70,12,935.85,1040.73,0.0,2,1976.58,0
70,13,956.29,1072.19,0.0,2,2028.48,0
70,14,1001.12,1120.47,0.0,2,2121.59,0
71,0,4007.1,4041.38,0.0,10,8048.48,0
71,1,2453.45,2455.78,0.0,6,4909.23,0
71,2,853.3,899.45,0.0,2,1752.75,0
71,3,1092.12,1200.21,0.0,3,2292.33,0
71,4,2453.48,2533.71,0.0,6,4987.19,0
71,5,1768.93,1727.76,0.0,4,3496.69,0
71,6,1069.9,1228.76,0.0,3,2298.66,0
71,7,863.31,760.81,0.0,2,1624.12,0
71,8,1625.82,1675.3,0.0,4,3301.12,0
71,9,704.45,790.55,0.0,2,1495.0,0
71,10,891.42,753.26,0.0,2,1644.68,0
71,11,917.18,909.41,0.0,2,1826.59,0
71,12,909.35,851.57,0.0,2,1760.92,0
71,13,871.46,731.53,0.0,2,1602.99,0
71,14,830.14,751.93,0.0,2,1582.07,0
72,0,4129.7,4170.48,0.0,10,8300.18,0
72,1,2509.87,2729.77,0.0,6,5239.64,0
72,2,844.4,770.97,0.0,2,1615.37,0
72,3,1402.11,1427.63,0.0,3,2829.74,0
72,4,2650.67,2527.43,0.0,6,5178.1,0
72,5,1883.99,1797.14,0.0,4,3681.13,0
72,6,1313.03,1272.75,0.0,3,2585.78,0
72,7,805.61,996.27,0.0,2,1801.88,0
72,8,1983.52,1858.35,0.0,4,3841.87,0
72,9,856.82,895.54,0.0,2,1752.36,0
72,10,1004.93,891.18,0.0,2,1896.11,0
72,11,863.04,783.04,0.0,2,1646.08,0
72,12,900.08,897.96,0.0,2,1798.04,0
72,13,805.01,960.48,0.0,2,1765.49,0
72,14,828.01,801.8,0.0,2,1629.81,0
73,0,5508.12,5704.54,0.0,10,11212.66,0
73,1,3690.85,3332.23,0.0,6,7023.08,0
73,2,1163.44,1253.55,0.0,2,2416.99,0
73,3,1607.33,1803.65,0.0,3,3410.98,0
73,4,3420.86,3485.55,0.0,6,6906.41,0
73,5,2164.21,2130.26,0.0,4,4294.47,0
73,6,1670.09,1780.57,0.0,3,3450.66,0
73,7,1163.82,1423.74,0.0,2,2587.56,0
73,8,2386.67,2344.29,0.0,4,4730.96,0
73,9,1260.45,1175.48,0.0,2,2435.93,0
73,10,1209.46,1129.21,0.0,2,2338.67,0
73,11,1215.62,1253.92,0.0,2,2469.54,0
73,12,1262.74,1051.96,0.0,2,2314.7,0
73,13,1141.22,1179.0,0.0,2,2320.22,0
73,14,1130.28,947.21,0.0,2,2077.49,0
74,0,5375.88,5684.48,0.0,10,11060.36,0
74,1,3681.03,3317.57,0.0,6,6998.6,0
74,2,1178.76,1176.21,0.0,2,2354.97,0
74,3,1662.31,1603.82,0.0,3,3266.13,0
74,4,3612.44,3460.85,0.0,6,7073.29,0
74,5,2095.75,2288.46,0.0,4,4384.21,0
74,6,1618.24,1732.64,0.0,3,3350.88,0
74,7,1099.34,1194.28,0.0,2,2293.62,0
74,8,2064.63,2452.62,0.0,4,4517.25,0
74,9,1179.07,1207.53,0.0,2,2386.6,0
74,10,1353.47,1081.47,0.0,2,2434.94,0
74,11,1248.99,1153.6,0.0,2,2402.59,0
74,12,1114.85,1133.38,0.0,2,2248.23,0
74,13,1075.78,1071.48,0.0,2,2147.26,0
74,14,1194.3,996.45,0.0,2,2190.75,0
75,0,4405.4,4372.58,0.0,10,8777.98,0
75,1,2605.63,2924.29,0.0,6,5529.92,0
75,2,947.49,840.16,0.0,2,1787.65,0
75,3,1263.06,1266.61,0.0,3,2529.67,0
75,4,2736.27,2729.1,0.0,6,5465.37,0
75,5,1895.98,1713.8,0.0,4,3609.78,0
75,6,1369.27,1393.29,0.0,3,2762.56,0
75,7,803.44,871.72,0.0,2,1675.16,0
75,8,1691.6,1612.64,0.0,4,3304.24,0
75,9,988.16,888.87,0.0,2,1877.03,0
75,10,826.4,774.99,0.0,2,1601.39,0
75,11,834.39,888.25,0.0,2,1722.64,0
75,12,894.77,936.55,0.0,2,1831.32,0
75,13,813.96,966.82,0.0,2,1780.78,0
75,14,923.27,819.42,0.0,2,1742.69,0
76,0,5325.03,5236.85,0.0,10,10561.88,0
76,1,3280.39,3329.17,0.0,6,6609.56,0
76,2,1114.38,1187.72,0.0,2,2302.1,0
76,3,1421.6,1507.27,0.0,3,2928.87,0
76,4,3306.19,3403.17,0.0,6,6709.36,0
76,5,2164.92,2081.95,0.0,4,4246.87,0
76,6,1607.68,1737.24,0.0,3,3344.92,0
76,7,1050.87,1155.49,0.0,2,2206.36,0
76,8,2073.78,2045.16,0.0,4,4118.94,0
76,9,1144.78,956.58,0.0,2,2101.36,0
76,10,1268.62,1154.3,0.0,2,2422.92,0
76,11,1085.37,1018.17,0.0,2,2103.54,0
76,12,1170.44,1139.55,0.0,2,2309.99,0
76,13,1017.9,1018.21,0.0,2,2036.11,0
76,14,871.56,932.68,0.0,2,1804.24,0
77,0,5869.28,5523.12,0.0,10,11392.4,0
77,1,3347.31,3446.79,0.0,6,6794.1,0
77,2,1273.48,1183.53,0.0,2,2457.01,0
77,3,1591.03,1606.2,0.0,3,3197.23,0
77,4,3575.65,3261.45,0.0,6,6837.1,0
77,5,2292.08,2223.93,0.0,4,4516.01,0
77,6,1613.59,1726.61,0.0,3,3340.2,0
77,7,1200.06,1281.77,0.0,2,2481.83,0
77,8,1962.62,2131.1,0.0,4,4093.72,0
77,9,1058.86,1339.23,0.0,2,2398.09,0
77,10,1170.03,1075.56,0.0,2,2245.59,0
77,11,1085.23,940.77,0.0,2,2026.0,0
77,12,1039.96,1243.87,0.0,2,2283.83,0
77,13,1027.35,1118.15,0.0,2,2145.5,0
77,14,919.33,923.78,0.0,2,1843.11,0
78,0,4925.15,5031.48,0.0,10,9956.63,0
78,1,3072.86,3291.81,0.0,6,6364.67,0
78,2,1102.47,1023.9,0.0,2,2126.37,0
78,3,1599.57,1573.33,0.0,3,3172.9,0
78,4,3192.0,2896.94,0.0,6,6088.94,0
78,5,2064.65,1970.03,0.0,4,4034.68,0
78,6,1456.39,1611.3,0.0,3,3067.69,0
78,7,1222.73,1132.06,0.0,2,2354.79,0
78,8,2149.74,1929.94,0.0,4,4079.68,0
78,9,1000.37,1168.04,0.0,2,2168.41,0
78,10,1087.03,981.91,0.0,2,2068.94,0
78,11,964.04,1016.72,0.0,2,1980.76,0
78,12,868.28,988.75,0.0,2,1857.03,0
78,13,947.04,846.45,0.0,2,1793.49,0
78,14,830.58,1020.24,0.0,2,1850.82,0
79,0,4058.9,3908.23,0.0,10,7967.13,0
79,1,2543.42,2551.17,0.0,6,5094.59,0
79,2,864.42,880.32,0.0,2,1744.74,0
79,3,1171.81,1114.26,0.0,3,2286.07,0
79,4,2692.74,2776.98,0.0,6,5469.72,0
79,5,1621.19,1589.3,0.0,4,3210.49,0
79,6,1223.63,1287.97,0.0,3,2511.6,0
79,7,918.96,839.6,0.0,2,1758.56,0
79,8,1625.58,1730.94,0.0,4,3356.52,0
79,9,862.97,984.35,0.0,2,1847.32,0
79,10,923.72,826.91,0.0,2,1750.63,0
79,11,907.46,825.68,0.0,2,1733.14,0
79,12,813.73,796.06,0.0,2,1609.79,0
79,13,761.66,845.47,0.0,2,1607.13,0
79,14,786.45,819.4,0.0,2,1605.85,0
80,0,4834.6,4903.67,0.0,10,9738.27,0
80,1,2884.53,3100.11,0.0,6,5984.64,0
80,2,1060.15,1015.67,0.0,2,2075.82,0
80,3,1360.5,1376.0,0.0,3,2736.5,0
80,4,2953.5,3021.74,0.0,6,5975.24,0
80,5,1964.07,1997.13,0.0,4,3961.2,0
80,6,1348.5,1754.57,0.0,3,3103.07,0
80,7,1107.32,921.96,0.0,2,2029.28,0
80,8,1955.6,2024.98,0.0,4,3980.58,0
80,9,1094.91,1135.68,0.0,2,2230.59,0
80,10,1202.48,1114.94,0.0,2,2317.42,0
80,11,982.02,834.05,0.0,2,1816.07,0
80,12,1115.79,899.09,0.0,2,2014.88,0
80,13,1031.2,841.27,0.0,2,1872.47,0
80,14,889.53,843.84,0.0,2,1733.37,0
81,0,3572.35,4002.63,0.0,10,7574.98,0
81,1,2411.81,2462.66,0.0,6,4874.47,0
81,2,862.24,790.66,0.0,2,1652.9,0
81,3,1309.39,1143.6,0.0,3,2452.99,0
81,4,2489.87,2450.45,0.0,6,4940.32,0
81,5,1609.55,1452.21,0.0,4,3061.76,0
81,6,1250.29,1354.75,0.0,3,2605.04,0
81,7,791.11,753.16,0.0,2,1544.27,0
81,8,1689.22,1479.09,0.0,4,3168.31,0
81,9,858.89,739.16,0.0,2,1598.05,0
81,10,785.16,839.02,0.0,2,1624.18,0
81,11,816.27,855.45,0.0,2,1671.72,0
81,12,754.34,803.97,0.0,2,1558.31,0
81,13,672.78,754.65,0.0,2,1427.43,0
81,14,742.19,734.0,0.0,2,1476.19,0
82,0,5909.45,5649.37,0.0,10,11558.82,0
82,1,3216.74,3489.21,0.0,6,6705.95,0
82,2,1254.61,1174.06,0.0,2,2428.67,0
82,3,1647.04,1627.19,0.0,3,3274.23,0
82,4,3728.26,3612.07,0.0,6,7340.33,0
82,5,2506.69,2506.58,0.0,4,5013.27,0
82,6,1490.94,1677.9,0.0,3,3168.84,0
82,7,1372.9,1281.99,0.0,2,2654.89,0
82,8,2028.9,2430.46,0.0,4,4459.36,0
82,9,1172.45,1100.81,0.0,2,2273.26,0
82,10,1351.61,1125.24,0.0,2,2476.85,0
82,11,1304.92,1288.7,0.0,2,2593.62,0
82,12,1113.81,1219.95,0.0,2,2333.76,0
82,13,1226.29,1230.21,0.0,2,2456.5,0
82,14,1120.79,1031.66,0.0,2,2152.45,0
83,0,5549.76,5813.88,0.0,10,11363.64,0
83,1,3358.3,3466.95,0.0,6,6825.25,0
83,2,1240.01,1270.43,0.0,2,2510.44,0
83,3,1500.17,1672.63,0.0,3,3172.8,0
83,4,3820.19,3513.85,0.0,6,7334.04,0
83,5,2416.38,2194.46,0.0,4,4610.84,0
83,6,1713.93,1896.44,0.0,3,3610.37,0
83,7,1255.05,1102.38,0.0,2,2357.43,0
83,8,2409.27,2322.35,0.0,4,4731.62,0
83,9,1137.57,1205.22,0.0,2,2342.79,0
83,10,1350.86,1225.09,0.0,2,2575.95,0
83,11,1070.01,1188.53,0.0,2,2258.54,0
83,12,1082.75,1227.05,0.0,2,2309.8,0
83,13,1185.53,1047.49,0.0,2,2233.02,0
83,14,1230.3,1173.33,0.0,2,2403.63,0
84,0,4970.18,5027.23,0.0,10,9997.41,0
84,1,2927.97,3201.1,0.0,6,6129.07,0
84,2,1188.93,1078.86,0.0,2,2267.79,0
84,3,1489.77,1346.47,0.0,3,2836.24,0
84,4,3327.72,3238.26,0.0,6,6565.98,0
84,5,1997.85,2194.46,0.0,4,4192.31,0
84,6,1465.34,1586.27,0.0,3,3051.61,0
84,7,990.15,913.13,0.0,2,1903.28,0
84,8,1819.04,1839.96,0.0,4,3659.0,0
84,9,1007.28,1166.92,0.0,2,2174.2,0
84,10,957.54,943.59,0.0,2,1901.13,0
84,11,1066.05,1002.89,0.0,2,2068.94,0
84,12,1196.9,905.48,0.0,2,2102.38,0
84,13,990.87,1082.41,0.0,2,2073.28,0
84,14,1082.42,950.98,0.0,2,2033.4,0
85,0,4032.01,4154.86,0.0,10,8186.87,0
85,1,2321.09,2599.69,0.0,6,4920.78,0
85,2,767.67,896.01,0.0,2,1663.68,0
85,3,1125.63,1106.74,0.0,3,2232.37,0
85,4,2475.18,2459.19,0.0,6,4934.37,0
85,5,1689.69,1455.03,0.0,4,3144.72,0
85,6,1278.59,1215.52,0.0,3,2494.11,0
85,7,926.89,920.84,0.0,2,1847.73,0
85,8,1772.01,1713.53,0.0,4,3485.54,0
85,9,962.78,937.91,0.0,2,1900.69,0
85,10,944.05,851.52,0.0,2,1795.57,0
85,11,757.29,766.87,0.0,2,1524.16,0
85,12,932.53,802.42,0.0,2,1734.95,0
85,13,782.8,939.53,0.0,2,1722.33,0
85,14,807.36,755.91,0.0,2,1563.27,0
86,0,5568.65,6030.51,0.0,10,11599.16,0
86,1,3459.17,3490.98,0.0,6,6950.15,0
86,2,1222.43,1297.9,0.0,2,2520.33,0
86,3,1746.71,1672.08,0.0,3,3418.79,0
86,4,3918.16,3327.95,0.0,6,7246.11,0
86,5,2308.82,2435.51,0.0,4,4744.33,0
86,6,1564.66,1645.5,0.0,3,3210.16,0
86,7,1254.71,1295.29,0.0,2,2550.0,0
86,8,2201.38,2291.39,0.0,4,4492.77,0
86,9,1078.17,1035.71,0.0,2,2113.88,0
86,10,1044.64,959.41,0.0,2,2004.05,0
86,11,1304.3,978.97,0.0,2,2283.27,0
86,12,1120.3,1339.03,0.0,2,2459.33,0
86,13,1075.69,1334.33,0.0,2,2410.02,0
86,14,1188.22,921.45,0.0,2,2109.67,0
87,0,5070.6,5322.68,0.0,10,10393.28,0
87,1,2898.15,3096.05,0.0,6,5994.2,0
87,2,919.9,1095.31,0.0,2,2015.21,0
87,3,1333.28,1488.47,0.0,3,2821.75,0
87,4,3440.79,3023.81,0.0,6,6464.6,0
87,5,2092.44,1925.88,0.0,4,4018.32,0
87,6,1369.68,1478.24,0.0,3,2847.92,0
87,7,1084.34,919.59,0.0,2,2003.93,0
87,8,1987.99,1960.16,0.0,4,3948.15,0
87,9,1041.3,1113.3,0.0,2,2154.6,0
87,10,1253.36,992.83,0.0,2,2246.19,0
87,11,1093.76,1018.91,0.0,2,2112.67,0
87,12,1023.91,1104.31,0.0,2,2128.22,0
87,13,1021.77,1175.31,0.0,2,2197.08,0
87,14,1054.85,971.27,0.0,2,2026.12,0
88,0,5190.2,4840.58,0.0,10,10030.78,0
88,1,2800.64,3253.87,0.0,6,6054.51,0
88,2,1082.96,970.97,0.0,2,2053.93,0
88,3,1610.16,1481.2,0.0,3,3091.36,0
88,4,3094.09,2950.89,0.0,6,6044.98,0
88,5,1942.09,1959.93,0.0,4,3902.02,0
88,6,1332.34,1484.3,0.0,3,2816.64,0
88,7,1000.71,1062.93,0.0,2,2063.64,0
88,8,2035.58,1952.18,0.0,4,3987.76,0
88,9,943.52,986.21,0.0,2,1929.73,0
88,10,1069.88,900.68,0.0,2,1970.56,0
88,11,1022.05,926.84,0.0,2,1948.89,0
88,12,1099.23,1137.68,0.0,2,2236.91,0
88,13,804.84,1126.85,0.0,2,1931.69,0
88,14,990.28,983.46,0.0,2,1973.74,0
89,0,4460.45,4495.07,0.0,10,8955.52,0
89,1,2765.02,2845.54,0.0,6,5610.56,0
89,2,1063.93,938.18,0.0,2,2002.11,0
89,3,1491.17,1279.59,0.0,3,2770.76,0
89,4,3014.04,2782.13,0.0,6,5796.17,0
89,5,1774.38,1888.79,0.0,4,3663.17,0
89,6,1182.02,1532.48,0.0,3,2714.5,0
89,7,884.27,1040.85,0.0,2,1925.12,0
89,8,1609.43,2005.61,0.0,4,3615.04,0
89,9,901.65,854.37,0.0,2,1756.02,0
89,10,1049.23,805.6,0.0,2,1854.83,0
89,11,1040.02,898.6,0.0,2,1938.62,0
89,12,1007.38,943.17,0.0,2,1950.55,0
89,13,893.03,930.46,0.0,2,1823.49,0
89,14,929.32,824.9,0.0,2,1754.22,0
90,0,4825.9,4566.76,0.0,10,9392.66,0
90,1,2830.72,3074.44,0.0,6,5905.16,0
90,2,950.67,1006.0,0.0,2,1956.67,0
90,3,1466.97,1554.7,0.0,3,3021.67,0
90,4,2854.05,2969.38,0.0,6,5823.43,0
90,5,2144.96,1881.13,0.0,4,4026.09,0
90,6,1316.29,1305.58,0.0,3,2621.87,0
90,7,1061.44,954.33,0.0,2,2015.77,0
90,8,1984.55,1878.31,0.0,4,3862.86,0
90,9,930.95,871.31,0.0,2,1802.26,0
90,10,1016.59,905.82,0.0,2,1922.41,0
90,11,801.44,1053.1,0.0,2,1854.54,0
90,12,996.48,1092.57,0.0,2,2089.05,0
90,13,954.2,856.23,0.0,2,1810.43,0
90,14,792.89,958.44,0.0,2,1751.33,0
91,0,5146.76,4794.47,0.0,10,9941.23,0
91,1,2790.75,3290.06,0.0,6,6080.81,0
91,2,1152.38,1088.93,0.0,2,2241.31,0
91,3,1372.73,1551.69,0.0,3,2924.42,0
91,4,2980.47,3149.34,0.0,6,6129.81,0
91,5,2083.37,1971.13,0.0,4,4054.5,0
91,6,1489.33,1282.56,0.0,3,2771.89,0
91,7,1097.62,1042.92,0.0,2,2140.54,0
91,8,1934.63,1921.44,0.0,4,3856.07,0
91,9,1001.26,1116.17,0.0,2,2117.43,0
91,10,1084.99,968.76,0.0,2,2053.75,0
91,11,1019.31,1049.07,0.0,2,2068.38,0
91,12,1118.51,906.12,0.0,2,2024.63,0
91,13,959.85,987.89,0.0,2,1947.74,0
91,14,923.65,1035.06,0.0,2,1958.71,0
92,0,4650.36,5110.24,0.0,10,9760.6,0
92,1,2912.93,2880.51,0.0,6,5793.44,0
92,2,875.39,964.86,0.0,2,1840.25,0
92,3,1320.42,1497.81,0.0,3,2818.23,0
92,4,3193.03,2896.14,0.0,6,6089.17,0
92,5,1981.68,2023.64,0.0,4,4005.32,0
92,6,1365.94,1572.87,0.0,3,2938.81,0
92,7,1024.21,1099.39,0.0,2,2123.6,0
92,8,2165.7,1885.7,0.0,4,4051.4,0
92,9,1126.2,1112.3,0.0,2,2238.5,0
92,10,1125.89,1000.27,0.0,2,2126.16,0
92,11,1142.59,789.19,0.0,2,1931.78,0
92,12,931.21,886.2,0.0,2,1817.41,0
92,13,1051.54,1125.48,0.0,2,2177.02,0
92,14,968.08,990.57,0.0,2,1958.65,0
93,0,5485.37,5095.52,0.0,10,10580.89,0
93,1,2783.14,3208.06,0.0,6,5991.2,0
93,2,1028.68,1223.8,0.0,2,2252.48,0
93,3,1536.03,1574.37,0.0,3,3110.4,0
93,4,3714.49,3124.22,0.0,6,6838.71,0
93,5,2100.33,2275.8,0.0,4,4376.13,0
93,6,1535.62,1641.18,0.0,3,3176.8,0
93,7,1041.27,1128.66,0.0,2,2169.93,0
93,8,2172.59,1987.09,0.0,4,4159.68,0
93,9,1102.28,1204.04,0.0,2,2306.32,0
93,10,1119.98,937.05,0.0,2,2057.03,0
93,11,1057.83,1093.91,0.0,2,2151.74,0
93,12,1179.71,1191.65,0.0,2,2371.36,0
93,13,1072.18,1157.4,0.0,2,2229.58,0
93,14,1050.78,1137.53,0.0,2,2188.31,0
94,0,5312.13,5126.72,0.0,10,10438.85,0
94,1,3081.99,3083.26,0.0,6,6165.25,0
94,2,1107.39,1079.27,0.0,2,2186.66,0
94,3,1576.43,1612.25,0.0,3,3188.68,0
94,4,3053.9,3185.9,0.0,6,6239.8,0
94,5,1855.8,2122.72,0.0,4,3978.52,0
94,6,1391.21,1561.77,0.0,3,2952.98,0
94,7,1052.17,1109.57,0.0,2,2161.74,0
94,8,2170.14,2068.79,0.0,4,4238.93,0
94,9,1166.17,964.87,0.0,2,2131.04,0
94,10,1136.63,899.72,0.0,2,2036.35,0
94,11,921.72,975.45,0.0,2,1897.17,0
94,12,1033.1,983.09,0.0,2,2016.19,0
94,13,973.59,1066.03,0.0,2,2039.62,0
94,14,1023.15,1016.11,0.0,2,2039.26,0
95,0,4086.23,4094.25,0.0,10,8180.48,0
95,1,2554.26,2685.03,0.0,6,5239.29,0
95,2,888.35,849.1,0.0,2,1737.45,0
95,3,1191.57,1099.47,0.0,3,2291.04,0
95,4,2648.98,2684.72,0.0,6,5333.7,0
95,5,1522.33,1727.77,0.0,4,3250.1,0
95,6,1188.53,1173.64,0.0,3,2362.17,0
95,7,864.0,923.6,0.0,2,1787.6,0
95,8,1509.85,1668.21,0.0,4,3178.06,0
95,9,819.89,806.98,0.0,2,1626.87,0
95,10,957.94,754.49,0.0,2,1712.43,0
95,11,853.93,816.31,0.0,2,1670.24,0
95,12,937.27,899.3,0.0,2,1836.57,0
95,13,919.51,797.02,0.0,2,1716.53,0
95,14,753.98,716.73,0.0,2,1470.71,0
96,0,3930.3,4387.06,0.0,10,8317.36,0
96,1,2556.48,2572.93,0.0,6,5129.41,0
96,2,907.13,824.27,0.0,2,1731.4,0
96,3,1166.56,1068.47,0.0,3,2235.03,0
96,4,2550.39,2469.15,0.0,6,5019.54,0
96,5,1727.82,1720.5,0.0,4,3448.32,0
96,6,1266.02,1301.34,0.0,3,2567.36,0
96,7,890.27,947.17,0.0,2,1837.44,0
96,8,1787.08,1454.47,0.0,4,3241.55,0
96,9,844.63,869.84,0.0,2,1714.47,0
96,10,901.97,824.3,0.0,2,1726.27,0
96,11,896.18,719.72,0.0,2,1615.9,0
96,12,810.38,864.6,0.0,2,1674.98,0
96,13,797.52,953.94,0.0,2,1751.46,0
96,14,799.92,854.89,0.0,2,1654.81,0
97,0,3948.49,4276.39,0.0,10,8224.88,0
97,1,2397.86,2302.63,0.0,6,4700.49,0
97,2,869.31,804.67,0.0,2,1673.98,0
97,3,1191.31,1185.63,0.0,3,2376.94,0
97,4,2392.84,2547.87,0.0,6,4940.71,0
97,5,1772.25,1549.97,0.0,4,3322.22,0
97,6,1078.73,1202.08,0.0,3,2280.81,0
97,7,824.94,817.39,0.0,2,1642.33,0
97,8,1624.87,1532.63,0.0,4,3157.5,0
97,9,759.34,746.35,0.0,2,1505.69,0
97,10,871.58,818.98,0.0,2,1690.56,0
97,11,809.36,853.19,0.0,2,1662.55,0
97,12,820.25,777.7,0.0,2,1597.95,0
97,13,836.83,849.97,0.0,2,1686.8,0
97,14,821.04,753.55,0.0,2,1574.59,0
98,0,5172.29,5548.22,0.0,10,10720.51,0
98,1,3511.02,3453.63,0.0,6,6964.65,0
98,2,1206.4,1190.68,0.0,2,2397.08,0
98,3,1787.74,1690.86,0.0,3,3478.6,0
98,4,3525.98,3508.43,0.0,6,7034.41,0
98,5,2244.9,2332.75,0.0,4,4577.65,0
98,6,1748.35,1806.65,0.0,3,3555.0,0
98,7,1116.97,1103.1,0.0,2,2220.07,0
98,8,2589.13,2221.0,0.0,4,4810.13,0
98,9,1102.15,1099.33,0.0,2,2201.48,0
98,10,1222.45,1234.75,0.0,2,2457.2,0
98,11,1066.55,1008.24,0.0,2,2074.79,0
98,12,1114.48,1111.84,0.0,2,2226.32,0
98,13,961.72,1179.01,0.0,2,2140.73,0
98,14,1129.23,1010.87,0.0,2,2140.1,0
99,0,4957.9,4951.41,0.0,10,9909.31,0
99,1,2906.61,3313.1,0.0,6,6219.71,0
99,2,1011.25,1070.01,0.0,2,2081.26,0
99,3,1439.79,1453.64,0.0,3,2893.43,0
99,4,3261.97,2954.95,0.0,6,6216.92,0
99,5,2006.68,2196.22,0.0,4,4202.9,0
99,6,1442.2,1444.16,0.0,3,2886.36,0
99,7,1081.23,1013.54,0.0,2,2094.77,0
99,8,2109.27,2010.99,0.0,4,4120.26,0
99,9,939.1,1016.28,0.0,2,1955.38,0
99,10,1069.37,995.51,0.0,2,2064.88,0
99,11,1009.98,1062.25,0.0,2,2072.23,0
99,12,1104.63,908.02,0.0,2,2012.65,0
99,13,949.72,1115.01,0.0,2,2064.73,0
99,14,1065.58,850.19,0.0,2,1915.77,0
